id,year,journal,title,doi,url,category,relation,type,mechanism,example,boundary
P1,2017,Science Advances,Compressive 3D ultrasound imaging using a single sensor,10.1126/sciadv.1701423,https://doi.org/10.1126/sciadv.1701423,感知编码,B：形态促进感知/控制,研究论文,塑料编码孔径将空间位置映射为不同声学响应，软件求解压缩重建。,单传感器对水中结构物体进行三维超声成像。,属于形态辅助感知；没有机器人闭环或物理记忆。
P2,2022,Science Advances,Fluidic innervation sensorizes structures from a single build material,10.1126/sciadv.abq4385,https://doi.org/10.1126/sciadv.abq4385,感知编码,B：形态促进感知/控制,研究论文,在单一打印材料的结构中嵌入空气通道，以压力反映形变；外部模型解码运动状态。,晶格及电机驱动的手性剪切膨胀结构；多通道压力与 LSTM 结合估计运动学。,传感通道不是气动驱动器；LSTM 的时序记忆在软件中。
M1,2017,Nature Communications,Origami-based tunable truss structures for non-volatile mechanical memory operation,10.1038/s41467-017-00670-w,https://doi.org/10.1038/s41467-017-00670-w,机械逻辑与稳定记忆,A：直接计算/记忆/反馈,研究论文,成对三角化圆柱折纸形成双势阱，稳定构型编码二进制位。,折纸样机展示存储与位翻转，组合形成两位系统。,非易失离散存储不等于连续时间序列的衰减记忆。
M2,2019,Nature Communications,Additively manufacturable micro-mechanical logic gates,10.1038/s41467-019-08678-0,https://doi.org/10.1038/s41467-019-08678-0,机械逻辑与稳定记忆,A：直接计算/记忆/反馈,研究论文,双稳态柔性机构把机械位移映射为逻辑状态，可通过结构互连级联。,可增材制造的微机械逻辑门，如 NOT、OR、NAND。,门电路和级联证据不能直接推出通用自主机器人或在线学习。
M3,2021,Nature Communications,A mechanical metamaterial with reprogrammable logical functions,10.1038/s41467-021-27608-7,https://doi.org/10.1038/s41467-021-27608-7,机械逻辑与稳定记忆,A：直接计算/记忆/反馈,研究论文,通过施加和释放激励重写超材料逻辑配置并初始化状态。,实验与数值验证可重编程逻辑及顺序记忆操作。,重编程由规定的外部操作完成，区别于自主学习。
M4,2023,Nature Communications,In-memory mechanical computing,10.1038/s41467-023-40989-1,https://doi.org/10.1038/s41467-023-40989-1,机械逻辑与稳定记忆,A：直接计算/记忆/反馈,研究论文,屈曲梁存储位及其连接实现移位寄存、XNOR 与感知机运算；周期外力驱动状态更新。,3D 打印器件验证机械二值神经网络和机械自学习感知机。,二值网络的配置涉及外部计算；机械自学习感知机是另一个受限演示，不能推广为深度网络自主训练。
M5,2024,Science Advances,Reprogrammable and reconfigurable mechanical computing metastructures with stable and high-density memory,10.1126/sciadv.ado6476,https://doi.org/10.1126/sciadv.ado6476,机械逻辑与稳定记忆,A：直接计算/记忆/反馈,研究论文,剪纸立方体与弹性连接形成可编辑、可锁定的稳定状态，预拉伸改变写入条件。,可重写的机械存储结构及多层配置。,重点是稳定存储与重构，不能当作时序预测或持续在线学习证据。
M6,2024,Nature Communications,Emergent disorder and mechanical memory in periodic metamaterials,10.1038/s41467-024-47780-w,https://doi.org/10.1038/s41467-024-47780-w,机械逻辑与稳定记忆,A：直接计算/记忆/反馈,研究论文,周期结构中的几何阻挫产生多种亚稳态；操作不对易，使最终构型携带加载顺序信息。,模拟和机械实验展示路径依赖的状态转换与操作历史记忆。,记录有限操作历史，不代表任意序列的可扩展读写或通用储备池。
T1,2021,Microsystems & Nanoengineering,Novel nondelay-based reservoir computing with a single micromechanical nonlinear resonator for high-efficiency information processing,10.1038/s41378-021-00313-7,https://doi.org/10.1038/s41378-021-00313-7,动态记忆与储备池,A：直接计算/记忆/反馈,研究论文,MEMS 非线性谐振器的瞬态响应提供特征与动态记忆，训练读出层完成任务。,实体谐振器用于图像、手势分类及 NARMA 任务。,文中 NARMA 使用 n=1，不能引用为长记忆证据；测量与读出仍依赖外部电子系统。
T2,2024,Nature Communications,Harnessing synthetic active particles for physical reservoir computing,10.1038/s41467-024-44856-5,https://doi.org/10.1038/s41467-024-44856-5,动态记忆与储备池,A：直接计算/记忆/反馈,研究论文,活性粒子的受控运动产生非线性动态响应，结合读出执行预测。,主动—被动微粒系统的实体实验。,外部延迟反馈及利用历史状态的读出都贡献记忆，必须计入系统边界。
T3,2026,Communications AI & Computing,Reservoir computing from collective dynamics of active colloidal oscillators,10.1038/s44488-026-00001-3,https://doi.org/10.1038/s44488-026-00001-3,动态记忆与储备池,A：直接计算/记忆/反馈,研究论文,流体耦合的胶体振子阵列提供并行动力学；间距与阻尼调节记忆和非线性，数字读出。,400 振子实验；混沌预测与隐藏异常检测，后者使用单输入通道检验动态记忆。,需激光反馈驱动；部分预测实验注入延迟输入，记忆参数扫描主要为仿真；尚非机器人闭环。
C1,2019,Nature Communications,Bifurcation-based embodied logic and autonomous actuation,10.1038/s41467-018-08055-3,https://doi.org/10.1038/s41467-018-08055-3,控制与机器人集成,A：直接计算/记忆/反馈,研究论文,刺激响应材料与结构分岔把环境输入转换成阈值判断及动作。,溶剂响应结构、逻辑操作与自主致动演示。,响应依赖刺激条件；级联中外部输入的组织方式需要纳入控制边界。
C2,2023,Science Advances,"A modular strategy for distributed, embodied control of electronics-free soft robots",10.1126/sciadv.ade9247,https://doi.org/10.1126/sciadv.ade9247,控制与机器人集成,A：直接计算/记忆/反馈,研究论文,以模块化响应结构分布式承担感知、反馈和动作选择。,无电子控制的软体机器人，利用材料响应与局部物理反馈产生行为。,无电子控制不表示无外部能量；需进一步比较复杂任务与环境迁移能力。
C3,2023,Nature Communications,"Origami-based integration of robots that sense, decide, and respond",10.1038/s41467-023-37158-9,https://doi.org/10.1038/s41467-023-37158-9,控制与机器人集成,A：直接计算/记忆/反馈,研究论文,折纸双稳态结构、导电连接和电热驱动器集成逻辑、记忆及运动。,OrigaMechs：捕捉活体猎物的捕蝇装置、避障爬行机器人与沿预设轨迹运动的小车。,没有半导体控制器仍可使用电信号和电能；不是完全被动系统。
C4,2024,Nature Communications,Integrated mechanical computing for autonomous soft machines,10.1038/s41467-024-47201-y,https://doi.org/10.1038/s41467-024-47201-y,控制与机器人集成,A：直接计算/记忆/反馈,研究论文,双稳态跃迁与孤立波传播形成可级联机械逻辑，并匹配传播能垒。,仿含羞草结构依据刺激强度产生折叠响应。,依赖输入及结构储能，计算级联不等于无限持续自主运行。
C5,2024,Science Advances,Pneumatic coding blocks enable programmability of electronics-free fluidic soft robots,10.1126/sciadv.adr2433,https://doi.org/10.1126/sciadv.adr2433,控制与机器人集成,A：直接计算/记忆/反馈,研究论文,气动模块实现条件分支、顺序执行和循环，把程序结构映射为物理连接。,if、if-break、for 等模块与交互式软体夹爪。,外部气源和程序装配成本仍存在；可编程控制不自动等于学习。
C6,2025,Science Advances,Soft multifunctional bistable fabric mechanism for electronics-free autonomous robots,10.1126/sciadv.ads8734,https://doi.org/10.1126/sciadv.ads8734,控制与机器人集成,A：直接计算/记忆/反馈,研究论文,双腔织物屈曲与管路弯折 配合，将阀、双稳态切换与致动结合。,恒压供气下的振荡、抓取、爬行和跳跃演示。,持续供气是系统组成部分；需要检验负载与摩擦变化下的稳定性。
C7,2025,Science Advances,Encoding mechanical intelligence using ultraprogrammable joints,10.1126/sciadv.adv2052,https://doi.org/10.1126/sciadv.adv2052,控制与机器人集成,B：形态促进感知/控制,研究论文,弹性滚动凸轮关节通过几何设计编码转动刚度曲线，实现机械反馈和形态适应。,被动膝关节支持开环双足行走；双稳态肘关节用于变形无人机。,大规模曲线设计验证不等于同数量实体试验；非线性曲线类比神经元不等于训练神经网络。
C8,2025,Nature Communications,Spatially programmable origami networks enable high-density mechanical computing for autonomous robotics,10.1038/s41467-025-64956-0,https://doi.org/10.1038/s41467-025-64956-0,控制与机器人集成,A：直接计算/记忆/反馈,研究论文,折纸开关与导电网络重配置逻辑，共享分支减少门电路冗余。,全加器/减器及沿直角、曲线路径运动的机器人。,存在电路及外部驱动；论文的密度指标不能直接跨硬件架构比较。
C9,2025,Nature Communications,General-purpose mechanical computing enabled by origami circuit reconfiguration with robotic addressing and activation,10.1038/s41467-025-65464-x,https://doi.org/10.1038/s41467-025-65464-x,控制与机器人集成,A：直接计算/记忆/反馈,研究论文,MPGA 把逻辑化简结果映射到双稳态折纸导电开关阵列，以机器人寻址重配置。,逻辑阵列激活、存储接口与运算复用演示。,机械、电路、寻址机器人共同构成系统；不是材料独立完成全部计算。
C10,2026,Nature Communications,Reprogrammable metamaterial robot with embodied versatile computation and mechanical intelligence,10.1038/s41467-026-71368-1,https://doi.org/10.1038/s41467-026-71368-1,控制与机器人集成,A：直接计算/记忆/反馈,研究论文,用弹性波的空间变换及结构重编程实现模拟运算，并与机器人动作连接。,微分、积分、卷积等运算和爬行机器人演示。,须区分波运算、电子激励与运动控制的贡献；类量子表示不等于量子计算。
D1,2020,Science Advances,A Bayesian experimental autonomous researcher for mechanical design,10.1126/sciadv.aaz1708,https://doi.org/10.1126/sciadv.aaz1708,设计算法,C：相邻设计方法,研究论文,贝叶斯优化调度制造与实体测试，从昂贵实验中搜索机械设计。,自动实验平台优化参数化结构的机械性能。,是形态设计的算法工具，未证明身体执行感知、记忆或控制计算。
R1,2024,Nature Computational Science,Programmable responsive metamaterials for mechanical computing and robotics,10.1038/s43588-024-00673-w,https://doi.org/10.1038/s43588-024-00673-w,综述与观点,背景,Perspective,梳理响应超材料的机械计算、机器人应用及计算设计问题。,适合作为结构逻辑与控制部分的概念入口。,观点文章，不作为新增硬件实验。
R2,2024,Nature Electronics,Physical reservoir computing with emerging electronics,10.1038/s41928-024-01133-z,https://doi.org/10.1038/s41928-024-01133-z,综述与观点,背景,Review,梳理物理储备池电子实现、读出与性能评估。,可借用记忆、非线性、训练和资源核算的方法。,电子物理计算不自动属于机器人形态计算。
R3,2026,Nature Communications,Embodying physical computing into soft robots,10.1038/s41467-026-70866-6,https://doi.org/10.1038/s41467-026-70866-6,综述与观点,背景,Perspective,整理物理计算进入软体机器人的路径，包括振荡、储备池与算法式控制。,适合统摄感知—记忆—控制的组织框架。,观点文章；与同题早期预印本去重，采用正式发表版本。
